id,first_name,last_name,phone,email,gender,job_title
1,Bendite,Banting,573-892-9683,bbanting0@symantec.com,Female,VP Product Management
2,Marline,Brake,239-304-0133,mbrake1@cargocollective.com,Female,Junior Executive
3,Nita,Thomsen,149-131-7582,nthomsen2@hatena.ne.jp,Female,Structural Engineer
4,Leelah,Manwell,861-346-9874,lmanwell3@yahoo.co.jp,Female,Geological Engineer
5,Cori,Kingswold,605-754-2264,ckingswold4@xing.com,Female,Account Representative I
6,Sue,Blacklock,595-989-2139,sblacklock5@shutterfly.com,Female,Quality Engineer
7,Van,Beretta,516-246-2244,vberetta6@wordpress.com,Male,Technical Writer
8,Linn,Mirams,489-609-4429,lmirams7@dailymail.co.uk,Female,Web Designer III
9,Miguel,Spinnace,215-307-2837,mspinnace8@yahoo.com,Male,Professor
10,Shannan,MacManus,149-288-3274,smacmanus9@phpbb.com,Male,Pharmacist
11,Julie,Bielefeld,841-564-8922,jbielefelda@ucla.edu,Female,Tax Accountant
12,Donielle,Wayvill,302-870-5545,dwayvillb@chron.com,Female,Account Coordinator
13,Carmine,Rewan,753-757-9483,crewanc@godaddy.com,Male,Associate Professor
14,Tony,Donner,145-998-8666,tdonnerd@i2i.jp,Agender,Senior Sales Associate
15,Odessa,Oakton,937-180-6480,ooaktone@topsy.com,Female,Editor
16,Waring,Grugerr,719-162-1175,wgrugerrf@usatoday.com,Male,Nurse Practicioner
17,Hana,Crady,867-564-8174,hcradyg@devhub.com,Female,Executive Secretary
18,Sallyanne,Shout,303-569-0615,sshouth@vistaprint.com,Female,Automation Specialist III
19,Rogers,Mathiot,856-688-8539,rmathioti@timesonline.co.uk,Male,Design Engineer
20,Vincent,Careswell,238-508-4139,vcareswellj@ycombinator.com,Male,Recruiter
21,Josefina,Hirsthouse,488-281-9878,jhirsthousek@dion.ne.jp,Female,Budget/Accounting Analyst IV
22,Victoir,Cawkill,697-381-9158,vcawkilll@slashdot.org,Polygender,Teacher
23,Conchita,Errol,291-443-9515,cerrolm@marketwatch.com,Female,Accountant II
24,Torr,Gorvin,548-270-1183,tgorvinn@icio.us,Male,Compensation Analyst
25,Pammy,Kearney,650-341-4581,pkearneyo@aboutads.info,Female,VP Sales
26,Gerik,Conichie,386-642-0631,gconichiep@miibeian.gov.cn,Male,Cost Accountant
27,Emmanuel,Farrants,916-245-9071,efarrantsq@instagram.com,Male,Help Desk Technician
28,Laurena,Ingyon,643-757-9703,lingyonr@shareasale.com,Female,Compensation Analyst
29,Pall,Cabral,396-526-6063,pcabrals@alexa.com,Male,Web Developer I
30,Pieter,Luto,160-468-9682,plutot@mayoclinic.com,Male,Financial Advisor
31,Mortimer,Lambirth,225-978-4189,mlambirthu@netscape.com,Male,Speech Pathologist
32,Delbert,Mergue,573-931-0718,dmerguev@icq.com,Male,Office Assistant III
33,Laurice,Haddon,507-801-2050,lhaddonw@addthis.com,Agender,Compensation Analyst
34,Mersey,Guymer,618-655-5096,mguymerx@pbs.org,Female,Senior Financial Analyst
35,Chrisse,McGriffin,198-128-9469,cmcgriffiny@geocities.jp,Male,Human Resources Assistant II
36,Willdon,Tripcony,558-355-2091,wtripconyz@ca.gov,Male,Junior Executive
37,Torie,Vauter,636-427-2741,tvauter10@nymag.com,Female,Technical Writer
38,Evelyn,Hallawell,250-346-6877,ehallawell11@nsw.gov.au,Female,Associate Professor
39,Jonis,Nevill,549-521-6210,jnevill12@bbb.org,Female,Safety Technician II
40,Mozes,Legendre,229-939-8260,mlegendre13@dion.ne.jp,Male,Accountant II
41,Viola,Escoffier,841-253-1561,vescoffier14@imageshack.us,Female,Graphic Designer
42,Rosie,Royl,640-515-6001,rroyl15@cnet.com,Female,Assistant Manager
43,Ailina,Florence,625-439-9717,aflorence16@blog.com,Female,Chemical Engineer
44,Em,McNabb,517-312-2393,emcnabb17@nature.com,Male,Structural Analysis Engineer
45,Rozalie,Druce,105-421-8133,rdruce18@nih.gov,Female,Tax Accountant
46,Ashlin,Dann,317-412-4900,adann19@arizona.edu,Male,Health Coach I
47,Thia,Kington,458-241-3495,tkington1a@pen.io,Female,Business Systems Development Analyst
48,Lenna,Lewsy,758-625-5345,llewsy1b@examiner.com,Female,General Manager
49,Zebulon,O'Carmody,279-211-8396,zocarmody1c@answers.com,Male,Chief Design Engineer
50,Thorstein,McLaren,177-515-6294,tmclaren1d@plala.or.jp,Male,Legal Assistant
51,Kenneth,Krzyzowski,210-797-5669,kkrzyzowski1e@ehow.com,Bigender,Nuclear Power Engineer
52,Danice,Brew,600-169-0062,dbrew1f@blogger.com,Female,Computer Systems Analyst I
53,Fedora,Mahody,393-683-0240,fmahody1g@scientificamerican.com,Female,Geologist II
54,Cozmo,Slite,552-389-4820,cslite1h@chicagotribune.com,Male,Quality Engineer
55,Petronilla,Peterson,786-870-6583,ppeterson1i@blogtalkradio.com,Female,Research Assistant II
56,Maynord,Shord,166-208-7430,mshord1j@newsvine.com,Male,Executive Secretary
57,Shaine,Druery,680-230-8904,sdruery1k@gov.uk,Male,Computer Systems Analyst III
58,Micki,Elger,165-224-1264,melger1l@tmall.com,Female,Staff Scientist
59,Chickie,Yalden,946-636-4814,cyalden1m@delicious.com,Male,Clinical Specialist
60,Renard,Filipov,463-299-1443,rfilipov1n@dailymail.co.uk,Genderqueer,Technical Writer
61,Leesa,Casford,625-802-5182,lcasford1o@gizmodo.com,Female,Web Designer IV
62,Cherish,Vereker,117-481-0995,cvereker1p@symantec.com,Female,Project Manager
63,Suzann,Blasi,952-912-1606,sblasi1q@4shared.com,Female,Junior Executive
64,Quent,Gapper,368-496-5084,qgapper1r@devhub.com,Male,Actuary
65,Guthrey,Dudeney,919-478-9377,gdudeney1s@stanford.edu,Male,Structural Engineer
66,Feodora,January,512-398-8284,fjanuary1t@facebook.com,Female,Software Test Engineer III
67,Jerald,Gilcriest,628-472-1459,jgilcriest1u@wiley.com,Male,Product Engineer
68,Whitby,Prisley,711-690-8635,wprisley1v@comcast.net,Male,Media Manager II
69,Aloin,Fann,993-520-3869,afann1w@51.la,Male,Nurse Practicioner
70,Jocelyn,Sephton,378-667-2061,jsephton1x@fc2.com,Female,Research Assistant I
71,Nicolle,Mowat,171-735-4412,nmowat1y@slideshare.net,Female,Database Administrator III
72,Carole,Le febre,520-691-4078,clefebre1z@goo.gl,Female,Automation Specialist III
73,Zarla,Hazeup,794-306-8598,zhazeup20@goo.ne.jp,Female,Quality Control Specialist
74,Emory,Dumbreck,492-955-6840,edumbreck21@elpais.com,Male,Analyst Programmer
75,Buck,Jaggers,352-443-9264,bjaggers22@theatlantic.com,Male,Chemical Engineer
76,Fanya,Janway,939-719-7683,fjanway23@cdbaby.com,Non-binary,Research Assistant II
77,Warde,Tuma,422-780-7130,wtuma24@spiegel.de,Male,Editor
78,Agneta,Zavattari,509-629-1301,azavattari25@digg.com,Female,Safety Technician IV
79,Piotr,Lamborn,789-299-0849,plamborn26@wufoo.com,Male,Administrative Assistant IV
80,Caesar,Layfield,128-110-3361,clayfield27@fastcompany.com,Male,Senior Quality Engineer
81,Evangelina,Holby,825-685-7019,eholby28@npr.org,Female,Software Engineer III
82,Dulcy,Kinze,746-369-3745,dkinze29@over-blog.com,Female,Software Engineer II
83,Krysta,Klain,827-548-2052,kklain2a@harvard.edu,Female,Software Consultant
84,Julia,Pont,861-101-1372,jpont2b@free.fr,Female,Senior Cost Accountant
85,Hewet,Edmunds,914-429-8496,hedmunds2c@youtube.com,Male,Design Engineer
86,Fraze,Brookwell,451-154-2535,fbrookwell2d@sakura.ne.jp,Male,Civil Engineer
87,Paulie,Hardwin,303-882-6936,phardwin2e@rakuten.co.jp,Male,Web Developer II
88,Brooke,Bulluck,900-514-8626,bbulluck2f@1und1.de,Male,Analyst Programmer
89,Stevana,Aspell,176-617-3740,saspell2g@mit.edu,Female,Human Resources Assistant IV
90,Loree,Renackowna,623-850-2916,lrenackowna2h@wikia.com,Female,Assistant Manager
91,Zorah,Tartt,111-839-1621,ztartt2i@narod.ru,Female,Librarian
92,Fanya,Coleiro,518-762-5601,fcoleiro2j@narod.ru,Female,Help Desk Technician
93,Maiga,Tothacot,870-544-6329,mtothacot2k@pcworld.com,Female,Senior Quality Engineer
94,Goldy,Fairman,952-763-7369,gfairman2l@hostgator.com,Female,Civil Engineer
95,Bailey,Babon,629-331-4995,bbabon2m@shop-pro.jp,Male,Statistician III
96,Renie,Worsnop,509-808-2985,rworsnop2n@freewebs.com,Female,Analog Circuit Design manager
97,Ario,Insko,809-788-3742,ainsko2o@printfriendly.com,Male,Engineer II
98,Hewe,Pearn,573-796-2193,hpearn2p@desdev.cn,Bigender,Nuclear Power Engineer
99,Elihu,Bradman,160-963-5078,ebradman2q@pen.io,Male,Clinical Specialist
100,Tanney,Ebbrell,846-943-0031,tebbrell2r@cyberchimps.com,Male,VP Marketing
